0,0.007900889
0.033333333,0.010027622
0.066666667,0.016810144
0.1,0.022203844
0.133333333,0.031337585
0.166666667,0.040505544
0.2,0.050809237
0.233333333,0.060715241
0.266666667,0.067097372
0.3,0.070653818
0.333333333,0.071006819
0.366666667,0.070321648
0.4,0.067474849
0.433333333,0.062494801
0.466666667,0.054703017
0.5,0.044780892
0.533333333,0.034532794
0.566666667,0.025607094
0.6,0.016431843
0.633333333,0.012522507
0.666666667,0.008239907
0.7,0.007893958
0.733333333,0.011799893
0.766666667,0.015349925
0.8,0.023844776
0.833333333,0.032264531
0.866666667,0.042312146
0.9,0.052563592
0.933333333,0.06143152
0.966666667,0.067816732
1,0.07100957
1.033333333,0.072076335
1.066666667,0.070300338
1.1,0.067123779
1.133333333,0.061803359
1.166666667,0.054358948
1.2,0.045067709
1.233333333,0.035192985
1.266666667,0.025615957
1.3,0.017820114
1.333333333,0.011078018
1.366666667,0.008257036
1.4,0.008244424
1.433333333,0.011087546
1.466666667,0.014972665
1.5,0.022728494
1.533333333,0.031697917
1.566666667,0.04195254
1.6,0.051853605
1.633333333,0.060376857
1.666666667,0.066755948
1.7,0.070300629
1.733333333,0.071353479
1.766666667,0.070378891
1.8,0.067811469
1.833333333,0.062156378
1.866666667,0.054327662
1.9,0.044780694
1.933333333,0.035142336
1.966666667,0.02633344
2,0.016806364
2.033333333,0.012516683
2.066666667,0.010724078
2.1,0.010037651
2.133333333,0.011807744
2.166666667,0.014651954
2.2,0.023090775
2.233333333,0.032296543
2.266666667,0.042253436
2.3,0.051887891
2.333333333,0.061067815
2.366666667,0.071004043
2.4,0.070302189
2.433333333,0.071368091
2.466666667,0.070324766
2.5,0.067483197
2.533333333,0.062457972
2.566666667,0.05427107
2.6,0.044428902
2.633333333,0.034417958
2.666666667,0.025403794
2.7,0.017829538
2.733333333,0.012503653
2.766666667,0.010732612
2.8,0.010721747
2.833333333,0.012160043
2.866666667,0.017107809
2.9,0.024236458
2.933333333,0.032756083
2.966666667,0.042647247
3,0.052558059
3.033333333,0.060724398
3.066666667,0.067101486
3.1,0.070290387
3.133333333,0.071367164
3.166666667,0.070652933
3.2,0.067445067
3.233333333,0.061092912
3.266666667,0.053666288
3.3,0.043748142
3.333333333,0.034061486
3.366666667,0.025228264
3.4,0.01676346
3.433333333,0.012852205
3.466666667,0.009663733
3.5,0.009695372
3.533333333,0.011093106
3.566666667,0.015283984
3.6,0.024719283
3.633333333,0.033759537
3.666666667,0.04336178
3.7,0.052927852
3.733333333,0.061432961
3.766666667,0.06746077
3.8,0.070301678
3.833333333,0.071020813
3.866666667,0.069964715
3.9,0.066766584
3.933333333,0.061063307
3.966666667,0.052933667
4,0.043298972
4.033333333,0.033426882
4.066666667,0.02488564
4.1,0.017478024
4.133333333,0.01074032
4.166666667,0.00858397
4.2,0.008624209
4.233333333,0.01215412
4.266666667,0.016792015
4.3,0.025489125
4.333333333,0.034093798
4.366666667,0.044328221
4.4,0.053970381
4.433333333,0.061780109
4.466666667,0.067463748
4.5,0.069958003
4.533333333,0.075971327
4.566666667,0.069616876
4.6,0.069027905
4.633333333,0.067882094
4.666666667,0.053614509
4.8,0.014853672
4.833333333,0.009327067
4.866666667,0.00710803
4.9,0.007395526
4.933333333,0.010554518
4.966666667,0.016610565
5,0.023658866
5.033333333,0.033220279
5.066666667,0.044968966
5.1,0.054207043
5.133333333,0.06271163
5.166666667,0.066973868
5.2,0.069453367
5.233333333,0.069836206
5.266666667,0.068741499
5.3,0.065559045
5.333333333,0.059868564
5.366666667,0.051370489
5.4,0.041450432
5.433333333,0.032192456
5.466666667,0.022391624
5.5,0.016986607
5.533333333,0.01164601
5.566666667,0.010955901
5.6,0.011657983
5.633333333,0.012731968
5.666666667,0.017901931
5.7,0.025863394
5.733333333,0.035755508
5.766666667,0.045351351
5.8,0.054564563
5.833333333,0.06272069
5.866666667,0.068377833
5.9,0.070518168
5.933333333,0.070863301
5.966666667,0.069109451
6,0.070123191
6.033333333,0.062358752
6.066666667,0.050313506
6.1,0.041024649
6.133333333,0.031184378
6.166666667,0.022492674
6.2,0.01484891
6.233333333,0.009881942
6.266666667,0.011306925
6.3,0.011663522
6.333333333,0.01344023
6.366666667,0.018454701
6.4,0.026578572
6.433333333,0.036150782
6.466666667,0.046065391
6.5,0.055961809
6.533333333,0.063078235
6.566666667,0.068039007
6.6,0.075124994
6.633333333,0.075122032
6.666666667,0.073007749
6.7,0.068747468
6.733333333,0.061998734
6.766666667,0.049606005
6.8,0.040341219
6.833333333,0.030802571
6.866666667,0.021694487
6.9,0.013270541
6.933333333,0.010597582
6.966666667,0.010598818
7,0.011307506
7.033333333,0.013434829
7.066666667,0.019009882
7.1,0.02800037
7.133333333,0.037189611
7.166666667,0.047114587
7.2,0.056688904
7.233333333,0.063776293
7.266666667,0.068036344
7.3,0.075484212
7.333333333,0.075488077
7.366666667,0.069092805
7.4,0.06874244
7.433333333,0.058455016
7.466666667,0.049592555
9.4,0.073004218
9.433333333,0.073004218
9.466666667,0.070534602
9.5,0.064827648
9.533333333,0.057135064
9.566666667,0.046756771
9.6,0.036782021
9.633333333,0.027923692
9.666666667,0.020507631
9.7,0.014139177
9.733333333,0.010956029
9.766666667,0.010595811
9.8,0.011662084
9.833333333,0.015530803
9.866666667,0.023007357
9.9,0.030899585
9.933333333,0.040415678
9.966666667,0.050295284
10,0.058823522
10.03333333,0.065207324
10.06666667,0.06874675
10.1,0.070525796
10.13333333,0.070156926
10.16666667,0.067331577
10.2,0.062384698
10.23333333,0.055249944
10.26666667,0.045719359
10.3,0.036422015
10.33333333,0.026975725
10.36666667,0.019836815
10.4,0.012717007
10.43333333,0.01094676
10.46666667,0.010596731
10.5,0.014499379
10.53333333,0.0166324
10.56666667,0.02301624
10.6,0.031663929
10.63333333,0.041434424
10.66666667,0.051311839
10.7,0.059869866
10.73333333,0.065566458
10.76666667,0.069116107
10.8,0.070875006
10.83333333,0.06982503
10.86666667,0.067327004
10.9,0.062015068
10.93333333,0.054553809
10.96666667,0.045293911
11,0.035114184
11.03333333,0.026205965
11.06666667,0.018402748
11.1,0.013446101
11.13333333,0.010965105
11.16666667,0.010958355
11.2,0.012356797
11.23333333,0.017338021
11.26666667,0.024415195
11.3,0.032290785
11.33333333,0.042185755
11.36666667,0.051741496
11.4,0.060232445
11.43333333,0.065920006
11.46666667,0.06946583
11.5,0.070514976
11.53333333,0.069451605
11.56666667,0.066620897
11.6,0.06163802
11.63333333,0.053856193
11.66666667,0.044265891
11.7,0.034410052
11.73333333,0.025160607
11.76666667,0.017348044
11.8,0.012723589
11.83333333,0.01093988
11.86666667,0.010933489
11.9,0.014147336
11.93333333,0.017691078
11.96666667,0.02404937
12,0.033320533
12.03333333,0.043127716
12.06666667,0.052790697
12.1,0.060246291
12.13333333,0.066978584
12.16666667,0.0698259
12.2,0.070888552
12.23333333,0.069773655
12.26666667,0.066621819
12.3,0.060243291
12.33333333,0.052777432
12.36666667,0.043434371
12.4,0.033745702
12.43333333,0.025136952
12.46666667,0.01841164
12.5,0.013081894
12.53333333,0.012727361
12.56666667,0.013069667
12.6,0.01273169
12.63333333,0.018031315
12.66666667,0.025088463
12.7,0.034291932
12.73333333,0.043898483
12.76666667,0.053815735
12.8,0.061305647
12.83333333,0.066985415
12.86666667,0.069812336
12.9,0.070165786
12.93333333,0.069444302
12.96666667,0.06592762
13,0.060585431
13.03333333,0.052457638
13.06666667,0.042539291
13.1,0.03297453
13.13333333,0.02479971
13.16666667,0.01874871
13.2,0.013086056
13.23333333,0.010244039
13.26666667,0.01025386
13.3,0.014149221
13.33333333,0.018753764
13.36666667,0.026218306
13.4,0.035040767
13.43333333,0.044914831
13.46666667,0.054211035
13.5,0.062682222
13.53333333,0.067683582
13.56666667,0.069821617
13.6,0.07583347
13.63333333,0.069802268
13.66666667,0.068617586
13.73333333,0.05316289
13.76666667,0.041479868
13.8,0.03187471
13.83333333,0.023714244
13.86666667,0.016281005
13.9,0.012738621
13.93333333,0.011313044
13.96666667,0.011990644
14,0.013030857
14.03333333,0.019434006
14.06666667,0.026949824
14.1,0.036075234
14.13333333,0.045655689
14.16666667,0.054932433
14.2,0.063068281
14.23333333,0.068039392
14.26666667,0.070182163
14.3,0.070519804
14.33333333,0.068769081
14.36666667,0.064852273
14.4,0.058822826
14.43333333,0.050324622
14.46666667,0.040646832
14.5,0.03119181
14.53333333,0.022310318
14.56666667,0.015918141
14.6,0.01237473
14.63333333,0.011315074
14.66666667,0.011990237
14.7,0.014515091
14.73333333,0.019453024
14.76666667,0.027990346
14.8,0.036705093
14.83333333,0.046734451
14.86666667,0.055627052
14.9,0.063063924
14.93333333,0.067692882
14.96666667,0.06982121
15,0.069823243
15.03333333,0.068044308
15.06666667,0.064162258
15.1,0.058111258
15.13333333,0.049252007
15.16666667,0.039644529
15.2,0.030354309
15.23333333,0.022657617
15.26666667,0.015199161
15.3,0.011664019
15.33333333,0.009881447
15.36666667,0.01270417
15.4,0.014874607
15.43333333,0.020583149
15.46666667,0.029032678
15.5,0.03821791
15.53333333,0.048407654
15.56666667,0.057385127
15.6,0.063788305
15.63333333,0.068745014
15.66666667,0.07088024
15.7,0.070522819
15.73333333,0.068393417
15.76666667,0.064145308
15.8,0.057750357
15.83333333,0.048517121
15.86666667,0.039000763
15.9,0.030037494
15.93333333,0.02159235
15.96666667,0.015209663
16,0.013443566
16.03333333,0.012381479
16.06666667,0.012371992
16.1,0.015902388
16.13333333,0.021883901
16.16666667,0.030113154
16.2,0.039307315
16.23333333,0.049236197
16.26666667,0.057766468
16.3,0.064493939
16.33333333,0.068431128
16.36666667,0.070169225
16.4,0.069477937
16.43333333,0.067677592
16.46666667,0.063412416
16.5,0.056348579
16.53333333,0.047419271
16.56666667,0.037484791
16.6,0.02828755
16.63333333,0.01982279
16.66666667,0.01449872
16.7,0.010247616
16.73333333,0.009159034
16.76666667,0.009528729
16.8,0.014504373
16.83333333,0.020905689
16.86666667,0.029396599
16.9,0.038946514
16.93333333,0.048482167
16.96666667,0.056714069
17,0.066973922
17.03333333,0.066629454
17.06666667,0.074067384
17.1,0.073363033
17.13333333,0.070863886
17.16666667,0.064852436
17.2,0.053503463
17.23333333,0.044933889
17.26666667,0.035456794
17.3,0.025164439
17.33333333,0.019458047
17.36666667,0.01237876
17.4,0.010600448
17.43333333,0.011309934
17.46666667,0.011642744
17.5,0.016259757
17.53333333,0.02150829
17.56666667,0.030442092
17.6,0.039693426
17.63333333,0.049929377
17.66666667,0.058106921
17.7,0.064849383
17.73333333,0.068390542
17.76666667,0.069804591
17.8,0.069101484
17.83333333,0.066957235
17.86666667,0.061644979
17.9,0.053861506
17.93333333,0.044293911
17.96666667,0.034997968
18,0.025493249
18.03333333,0.018735649
18.06666667,0.013785696
18.1,0.01022755
18.13333333,0.009539421
18.16666667,0.012378351
18.2,0.016635065
18.23333333,0.022981579
18.26666667,0.031698371
18.3,0.041046135
18.33333333,0.050979813
18.36666667,0.061696274
18.4,0.068751969
18.43333333,0.067698722
18.46666667,0.068746764
18.5,0.067330524
18.53333333,0.065209285
18.56666667,0.060240154
18.6,0.053154848
18.63333333,0.043210896
18.66666667,0.033735887
18.7,0.025137632
18.73333333,0.018757028
18.76666667,0.014847559
18.8,0.009894057
18.83333333,0.009892957
18.86666667,0.013065152
18.9,0.016992166
18.93333333,0.022907587
18.96666667,0.032233969
19,0.041813456
19.03333333,0.051635968
19.06666667,0.058827082
19.1,0.065913618
19.13333333,0.071952877
19.16666667,0.074059611
19.2,0.072649302
19.23333333,0.066267008
19.26666667,0.061661601
19.3,0.052080022
19.33333333,0.042066347
19.36666667,0.03259455
19.4,0.023087223
19.43333333,0.016270255
19.46666667,0.012370591
19.5,0.010251113
19.53333333,0.010598565
19.56666667,0.012717218
19.6,0.016976463
19.63333333,0.024423914
19.66666667,0.033557718
19.7,0.043203457
19.73333333,0.05244891
19.76666667,0.060594791
19.8,0.06981075
19.83333333,0.073353712
19.86666667,0.074067186
19.9,0.072298884
19.93333333,0.06838944
19.96666667,0.061651491
20,0.051048011
20.03333333,0.041417647
20.06666667,0.031880063
20.1,0.022696754
20.13333333,0.016616248
20.16666667,0.01234811
20.2,0.01059763
20.23333333,0.013087712
20.26666667,0.013408711
20.3,0.018755883
20.33333333,0.02552766
20.36666667,0.03434604
20.4,0.04448811
20.43333333,0.053872618
20.46666667,0.060595103
20.5,0.066627322
20.53333333,0.069109112
20.56666667,0.069473128
20.6,0.068065578
20.63333333,0.064506815
20.66666667,0.058802244
20.7,0.050639347
20.73333333,0.040755515
20.76666667,0.031140725
20.8,0.022641959
20.83333333,0.01591356
20.86666667,0.011224039
20.9,0.008822255
20.93333333,0.010600897
20.96666667,0.013796931
21,0.018736053
21.03333333,0.026921863
21.06666667,0.035602041
21.1,0.045313958
21.13333333,0.054906163
21.16666667,0.062374954
21.2,0.067328204
21.23333333,0.069450856
21.26666667,0.069808869
21.3,0.068396431
21.33333333,0.064146668
21.36666667,0.057778796
21.4,0.049560837
21.43333333,0.039669454
21.46666667,0.030449554
21.5,0.0223152
21.53333333,0.015917352
21.56666667,0.010961574
21.6,0.010251851
21.63333333,0.013441391
21.66666667,0.014502751
21.7,0.019434273
21.73333333,0.027334368
21.76666667,0.036507205
21.8,0.046072324
21.83333333,0.055283748
21.86666667,0.063068446
21.9,0.068039152
21.93333333,0.069819146
21.96666667,0.069819369
22,0.068044258
22.03333333,0.064149615
22.06666667,0.057386781
22.1,0.048855503
22.13333333,0.03892873
22.16666667,0.029419108
22.2,0.020883693
22.23333333,0.01450184
22.26666667,0.011282643
22.3,0.008825778
22.33333333,0.0109073
22.36666667,0.01414548
22.4,0.019344742
22.43333333,0.028062199
22.46666667,0.037303304
22.5,0.047119718
22.53333333,0.056341893
22.56666667,0.063431582
22.6,0.068031899
22.63333333,0.06980018
22.66666667,0.069795079
22.7,0.068057628
22.73333333,0.063777672
22.76666667,0.056347944
22.8,0.047844404
22.83333333,0.037885965
22.86666667,0.028658834
22.9,0.019841399
22.93333333,0.014499297
22.96666667,0.011663514
23,0.010244015
23.03333333,0.011661317
23.06666667,0.015180928
23.1,0.020785178
23.13333333,0.029333129
23.16666667,0.038196366
23.2,0.047851865
23.23333333,0.056708066
23.26666667,0.064124874
23.3,0.068040845
23.33333333,0.069827691
23.36666667,0.069810451
23.4,0.067332912
23.43333333,0.063054048
23.46666667,0.055627192
23.5,0.046796706
23.53333333,0.036892866
23.56666667,0.027989786
23.6,0.020512011
23.63333333,0.015560555
23.66666667,0.011667984
23.7,0.010233237
23.73333333,0.012362615
23.76666667,0.015552548
23.8,0.0222922
23.83333333,0.029788148
23.86666667,0.03931178
23.9,0.048860683
23.93333333,0.058428824
23.96666667,0.064822373
24,0.068395455
24.03333333,0.070163333
24.06666667,0.069807292
24.1,0.067309955
24.13333333,0.062649151
24.16666667,0.054936962
24.2,0.045664979
24.23333333,0.036141324
24.26666667,0.026828279
24.3,0.018407821
24.33333333,0.013087609
24.36666667,0.011663714
24.4,0.012732773
24.43333333,0.01379894
24.46666667,0.016275654
24.5,0.022604439
24.53333333,0.030750311
24.56666667,0.040257609
24.6,0.049912362
24.63333333,0.059112992
24.66666667,0.064849083
24.7,0.068743619
24.73333333,0.069817739
24.76666667,0.069102559
24.8,0.066965268
24.83333333,0.061289435
24.86666667,0.054219657
24.9,0.044583049
24.93333333,0.034997865
24.96666667,0.025857012
25,0.018762938
25.03333333,0.014481564
25.06666667,0.012024328
25.1,0.011659134
25.13333333,0.011659476
25.16666667,0.016633292
25.2,0.022655469
25.23333333,0.031201159
25.26666667,0.040789603
25.3,0.050677289
25.33333333,0.058470407
25.36666667,0.069084378
25.4,0.068050889
25.43333333,0.068050889
25.46666667,0.068461131
25.5,0.065233636
25.53333333,0.059544546
25.56666667,0.051360124
25.6,0.041433938
25.63333333,0.031721767
25.66666667,0.022990499
25.7,0.015922431
25.73333333,0.010966178
25.76666667,0.006694006
25.8,0.00812839
25.83333333,0.010975914
25.86666667,0.015221025
25.9,0.022998492
25.93333333,0.030504951
25.96666667,0.040384154
26,0.049592385
26.03333333,0.060612058
26.06666667,0.068037852
26.1,0.071243901
26.13333333,0.072310823
26.16666667,0.07089184
26.2,0.067315423
26.23333333,0.057767231
26.26666667,0.04994323
26.3,0.040325207
26.33333333,0.03085313
26.36666667,0.021908277
26.4,0.015218807
26.43333333,0.01026065
26.46666667,0.007063904
26.5,0.007084702
26.53333333,0.010952008
26.56666667,0.01518881
26.6,0.022357224
26.63333333,0.031108939
26.66666667,0.041012701
26.7,0.050327484
26.73333333,0.060596805
26.76666667,0.067698549
26.8,0.06699214
26.83333333,0.067350093
26.86666667,0.066279118
26.9,0.062733165
26.93333333,0.05738339
26.96666667,0.049225996
27,0.039327503
27.03333333,0.029754614
27.06666667,0.02054729
27.1,0.015579297
27.13333333,0.010608322
27.16666667,0.008826796
27.2,0.009165154
27.23333333,0.011332543
27.26666667,0.016267008
27.3,0.023765233
27.33333333,0.032196549
27.36666667,0.04215074
27.4,0.051369968
27.43333333,0.059195734
27.46666667,0.064507752
27.5,0.067339847
27.53333333,0.067684985
27.56666667,0.066295662
27.6,0.062726802
27.63333333,0.056363287
27.66666667,0.047863495
27.7,0.03828149
27.73333333,0.028983959
27.76666667,0.020512157
27.8,0.014507459
27.83333333,0.010961421
27.86666667,0.006358589
27.9,0.006707381
27.93333333,0.010613508
27.96666667,0.016267076
28,0.024755874
28.03333333,0.033024677
28.06666667,0.043211663
28.1,0.052087056
28.13333333,0.059904828
28.16666667,0.064863431
28.2,0.071951877
28.23333333,0.072644105
28.26666667,0.070185789
28.3,0.065576467
28.33333333,0.055293438
28.36666667,0.047070174
28.4,0.037533207
28.43333333,0.0280269
28.46666667,0.019469434
28.5,0.012671524
28.53333333,0.009545421
28.56666667,0.008122782
28.6,0.008852746
28.63333333,0.012724014
28.66666667,0.017353525
28.7,0.025481661
28.73333333,0.03407323
28.76666667,0.044127707
28.8,0.053167117
28.83333333,0.060940188
28.86666667,0.065221329
28.9,0.067340141
28.93333333,0.067338222
28.96666667,0.065579125
29,0.061990876
29.03333333,0.054586231
29.06666667,0.04636955
29.1,0.03647232
29.13333333,0.027376767
29.16666667,0.019144684
29.2,0.01273419
29.23333333,0.009195873
29.26666667,0.007782891
29.3,0.009542707
29.33333333,0.012381503
29.36666667,0.017709357
29.4,0.026045841
29.43333333,0.035385592
29.46666667,0.044673298
29.5,0.056748233
29.53333333,0.064857413
29.56666667,0.065917982
29.6,0.067347265
29.63333333,0.067343853
29.66666667,0.065573193
29.7,0.06095331
29.73333333,0.053877544
29.76666667,0.045257242
29.8,0.03539501
29.83333333,0.025967216
29.86666667,0.017704857
29.9,0.012039427
29.93333333,0.007771754
29.96666667,0.00706669
30,0.008137897
30.03333333,0.012026849
30.06666667,0.018762831
30.1,0.026916723
30.13333333,0.03636749
30.16666667,0.046052556
30.2,0.054917242
30.23333333,0.065546768
30.26666667,0.065917092
30.3,0.06770498
30.33333333,0.071947335
30.36666667,0.06873908
30.4,0.060256138
30.43333333,0.053146618
30.46666667,0.044285093
30.5,0.034305953
30.53333333,0.025458723
30.56666667,0.018056171
30.6,0.012388294
30.63333333,0.0106069
30.66666667,0.008125651
30.7,0.009886844
30.73333333,0.014158481
30.76666667,0.019801538
30.8,0.028318568
30.83333333,0.037394492
30.86666667,0.047347859
30.9,0.055644207
30.93333333,0.062727223
30.96666667,0.066275348
31,0.06735571
31.03333333,0.066986634
31.06666667,0.064534396
31.1,0.059536931
31.13333333,0.052103039
31.16666667,0.042864531
31.2,0.033314024
31.23333333,0.024501461
31.26666667,0.016646094
31.3,0.011325245
31.33333333,0.008481135
31.36666667,0.008136224
31.4,0.009535607
31.43333333,0.01414588
31.46666667,0.020265269
31.5,0.029093745
31.53333333,0.0385281
31.56666667,0.048169577
31.6,0.056346719
31.63333333,0.066638961
31.66666667,0.070534663
31.7,0.068405468
31.73333333,0.070892782
31.76666667,0.067681972
31.8,0.058833853
31.83333333,0.05100131
31.86666667,0.041758285
31.9,0.032207127
31.93333333,0.023387018
31.96666667,0.015570584
32,0.01093896
32.03333333,0.008495564
32.06666667,0.008481908
32.1,0.010974782
32.13333333,0.014502905
32.16666667,0.022330863
32.2,0.030463696
32.23333333,0.039844308
32.26666667,0.049236806
32.3,0.060257174
32.33333333,0.063085296
32.36666667,0.066985956
32.4,0.067356583
32.43333333,0.066260105
32.46666667,0.063792603
32.5,0.057753642
32.53333333,0.049985041
32.56666667,0.040402541
32.6,0.031107125
32.63333333,0.021935399
32.66666667,0.014526756
32.7,0.010616864
32.73333333,0.007425981
32.76666667,0.00777163
32.8,0.010595193
32.83333333,0.015231263
32.86666667,0.022234593
32.9,0.031446972
32.93333333,0.040767194
32.96666667,0.050323953
33,0.05777794
33.03333333,0.06379101
33.06666667,0.066647267
33.1,0.067352433
33.13333333,0.066269361
33.16666667,0.062721536
33.2,0.056704696
33.23333333,0.048905085
33.26666667,0.039313739
33.3,0.029816022
33.33333333,0.021244827
33.36666667,0.014517241
33.4,0.009896592
33.43333333,0.008493192
33.46666667,0.008838524
33.5,0.010268672
33.53333333,0.0155965
33.56666667,0.023284016
33.6,0.032586131
33.63333333,0.042170616
33.66666667,0.051039584
33.7,0.062374763
33.73333333,0.064160559
33.76666667,0.066994932
33.8,0.067342765
33.83333333,0.066307946
33.86666667,0.062344543
33.9,0.056350718
33.93333333,0.047815929
33.96666667,0.038248464
34,0.028966252
34.03333333,0.020526333
34.06666667,0.013813843
34.1,0.009519732
34.13333333,0.008472899
34.16666667,0.008844202
34.2,0.012392658
34.23333333,0.017353348
34.26666667,0.024761385
34.3,0.033546204
34.33333333,0.04315883
34.36666667,0.052439199
34.4,0.05990052
34.43333333,0.064513074
34.46666667,0.066981551
34.5,0.067330208
34.53333333,0.065904092
34.56666667,0.062002889
34.6,0.055277831
34.63333333,0.046775735
34.66666667,0.036842534
34.7,0.028318129
34.73333333,0.019809686
34.76666667,0.014138453
34.8,0.009900122
34.83333333,0.008486072
34.86666667,0.008847066
34.9,0.012376433
34.93333333,0.017347279
34.96666667,0.025907855
35,0.034394858
35.03333333,0.044350373
35.06666667,0.053154823
35.1,0.064148044
35.13333333,0.069106395
35.16666667,0.072299237
35.2,0.071946237
35.23333333,0.066620854
35.26666667,0.064480279
35.3,0.057025512
35.33333333,0.045687721
35.36666667,0.035814004
35.4,0.026265437
35.43333333,0.018762643
35.46666667,0.012736965
35.5,0.009545498
35.53333333,0.00884275
35.56666667,0.009560391
35.6,0.012736177
35.63333333,0.018067514
35.66666667,0.026753703
35.7,0.035627629
35.73333333,0.045023759
35.76666667,0.054565734
35.8,0.061305325
35.83333333,0.065553812
35.86666667,0.067359094
35.9,0.067323094
35.93333333,0.06487105
35.96666667,0.060245389
36,0.053165826
36.03333333,0.044322322
36.06666667,0.035073651
36.1,0.026201485
36.13333333,0.017983417
36.16666667,0.012363515
36.2,0.009537295
36.23333333,0.008791328
36.26666667,0.009903116
36.3,0.014524449
36.33333333,0.020151042
36.36666667,0.027636973
36.4,0.036741356
36.43333333,0.04636406
36.46666667,0.055274182
36.5,0.06201648
36.53333333,0.065923246
36.56666667,0.067349977
36.6,0.066982281
36.63333333,0.064877147
36.66666667,0.05990478
36.7,0.052451863
36.73333333,0.043545365
36.76666667,0.033936802
36.8,0.02510171
36.83333333,0.017664209
36.86666667,0.012736655
36.9,0.010254353
36.93333333,0.009886181
36.96666667,0.011325777
37,0.014847143
37.03333333,0.020178838
37.06666667,0.028690117
37.1,0.037881858
37.13333333,0.047484321
37.16666667,0.055995906
37.2,0.062380177
37.23333333,0.066275374
37.26666667,0.067696239
37.3,0.066968454
37.33333333,0.06416029
37.36666667,0.058825801
37.4,0.051392741
37.43333333,0.042477457
37.46666667,0.032827924
37.5,0.023661422
37.53333333,0.016625899
37.56666667,0.01128244
37.6,0.008838672
37.63333333,0.008489467
37.66666667,0.010261774
37.7,0.015221321
37.73333333,0.021622112
37.76666667,0.029774358
37.8,0.039127928
37.83333333,0.048774868
37.86666667,0.056363537
37.9,0.062382802
37.93333333,0.070877746
37.96666667,0.071934785
38,0.07123167
38.03333333,0.063800152
38.06666667,0.05812099
38.1,0.050305872
38.13333333,0.041112507
38.16666667,0.031503349
38.2,0.022671774
38.23333333,0.015560815
38.26666667,0.010606056
38.3,0.009907006
38.33333333,0.009911167
38.36666667,0.011668256
38.4,0.014846645
38.43333333,0.022014983
38.46666667,0.031170151
38.5,0.040407598
38.53333333,0.049604671
38.56666667,0.057769656
38.6,0.063432598
38.63333333,0.06662322
38.66666667,0.067347974
38.7,0.065923934
38.73333333,0.062731671
38.76666667,0.057374051
38.8,0.049242707
38.83333333,0.040035777
38.86666667,0.030779676
38.9,0.021599676
38.93333333,0.014874142
38.96666667,0.012039271
39,0.009196513
39.03333333,0.007052114
39.06666667,0.011329807
39.1,0.016595341
39.13333333,0.023114918
39.16666667,0.031858226
39.2,0.041764234
39.23333333,0.0506811
39.26666667,0.05881762
39.3,0.064142454
39.33333333,0.066639665
39.36666667,0.067318124
39.4,0.065934146
39.43166667,0.062726362
39.465,0.056361227
39.49833333,0.048191412
39.53166667,0.038642876
39.565,0.029414456
39.6,0.021229303
39.63333333,0.014514138
39.66666667,0.010611145
39.7,0.008831993
39.73333333,0.009178087
39.76666667,0.013111142
39.8,0.017657544
39.83333333,0.025153748
39.86666667,0.032990762
39.9,0.043140561
39.93333333,0.05208015
39.96666667,0.059531237
40,0.063804565
40.03333333,0.066631102
40.06666667,0.066983817
40.1,0.06522529
40.13333333,0.061670599
40.16666667,0.055287419
40.2,0.047086528
40.23333333,0.037243056
40.265,0.028335611
40.29833333,0.019785526
40.33166667,0.014167888
40.365,0.009539384
40.39833333,0.008818554
40.43166667,0.00914519
40.465,0.012356537
40.49833333,0.017696767
40.53166667,0.02584887
40.565,0.034368692
40.59833333,0.044223825
40.63166667,0.053146036
40.665,0.060260923
40.69833333,0.065214396
40.73166667,0.066990028
40.765,0.066982762
40.79833333,0.065203634
40.83166667,0.060971472
40.865,0.054227516
40.89833333,0.045418386
40.93166667,0.036168313
40.965,0.027264409
40.99833333,0.019459111
41.03166667,0.014496082
41.065,0.008836685
41.09833333,0.007785357
41.13166667,0.008847789
41.165,0.012042039
41.19833333,0.019771919
41.23166667,0.026639703
41.265,0.035830357
41.29833333,0.045329622
41.33166667,0.054540336
41.365,0.061306996
41.39833333,0.065585126
41.43166667,0.067323458
41.465,0.067321005
41.49833333,0.064872066
41.53166667,0.060241169
41.565,0.053489384
41.59833333,0.044275891
41.63166667,0.03507279
41.665,0.025835808
41.69833333,0.018021649
41.73166667,0.012731511
41.765,0.009544881
41.79833333,0.009182065
41.83166667,0.010606511
41.865,0.013773579
41.89833333,0.019769854
41.93166667,0.027997049
41.965,0.03719859
41.99833333,0.04671597
42.03166667,0.05562968
42.065,0.062359809
42.09833333,0.065561455
42.13166667,0.067326694
42.165,0.066621301
42.19833333,0.06448768
42.23166667,0.059819564
42.265,0.051764345
42.29833333,0.043223186
42.33166667,0.033847091
42.365,0.025101901
42.39833333,0.016967208
42.43166667,0.012380952
42.465,0.00991042
42.49833333,0.008478068
42.53166667,0.011311684
42.565,0.014854394
42.59833333,0.020475196
42.63166667,0.029057584
42.665,0.038254342
42.69833333,0.047507231
42.73166667,0.056025102
42.765,0.062368868
42.79833333,0.070872078
42.83166667,0.067682044
42.865,0.066273761
42.89833333,0.067511234
42.93166667,0.058845145
42.965,0.051376211
42.99833333,0.042024545
43.03166667,0.032530601
43.065,0.023049284
43.09833333,0.016992651
43.13166667,0.011324277
43.165,0.011312077
43.19833333,0.010968207
43.23166667,0.009550809
43.265,0.014855966
43.29833333,0.021579867
43.33166667,0.030151404
43.365,0.039706523
43.39833333,0.048893498
43.43166667,0.057416959
43.465,0.066624444
43.49833333,0.066629613
43.53166667,0.067697436
43.565,0.066294035
43.59833333,0.063434904
43.63166667,0.057415846
43.665,0.049945342
43.69833333,0.040695574
43.73166667,0.031189126
43.765,0.023037319
43.79833333,0.016278507
43.83166667,0.010608695
43.865,0.008475631
43.89833333,0.008486241
43.93166667,0.011327929
43.965,0.016264204
43.99833333,0.022614308
44.03166667,0.031515968
44.065,0.040629787
44.09833333,0.050328464
44.13166667,0.058123713
44.165,0.064114538
44.19833333,0.066616675
44.23166667,0.066999094
44.265,0.066260518
44.29833333,0.062750294
44.33166667,0.056711325
44.365,0.048578795
44.39833333,0.039600333
44.43166667,0.02980605
44.465,0.021239336
44.49833333,0.015218257
44.53166667,0.009897563
44.565,0.008803445
44.59833333,0.009160947
44.63166667,0.011306043
44.665,0.016299995
44.69833333,0.0234363
44.73166667,0.032651617
44.765,0.042172827
44.79833333,0.051042182
44.83166667,0.058834053
44.865,0.064498908
44.89833333,0.066987293
44.93166667,0.067346551
44.965,0.065908196
44.99833333,0.062028918
45.03166667,0.056354045
45.065,0.047421788
45.09833333,0.038211759
45.13166667,0.029004613
45.165,0.020186029
45.19833333,0.014143423
45.23166667,0.009884715
45.265,0.008836049
45.29833333,0.009538725
45.33166667,0.011680426
45.365,0.017356148
45.39833333,0.025391751
45.43166667,0.033895376
45.465,0.043547639
45.49833333,0.052796061
45.53166667,0.059897939
45.565,0.064861304
45.59833333,0.066988673
45.63166667,0.067000174
45.665,0.065235611
45.69833333,0.061336438
45.73166667,0.054929875
45.765,0.046357903
45.79833333,0.036875707
45.83166667,0.027618845
45.865,0.019403838
45.89833333,0.014872988
45.93166667,0.009190824
45.965,0.008137235
45.99833333,0.009184888
46.03166667,0.012035775
46.065,0.018747631
46.09833333,0.026246178
46.13166667,0.035300834
46.165,0.044676888
46.19833333,0.053518086
46.23166667,0.063802204
46.265,0.06912185
46.29833333,0.071595549
46.33166667,0.071590551
46.365,0.068739934
46.39833333,0.063772637
46.43166667,0.055621731
46.465,0.045021491
46.49833333,0.035391638
46.53166667,0.026203318
46.565,0.017669139
46.59833333,0.012717545
46.63166667,0.00917827
46.665,0.009551442
46.69833333,0.010249269
46.73166667,0.013442706
46.765,0.016934238
46.79833333,0.026741552
46.83166667,0.034796722
46.865,0.045353275
46.89833333,0.054930644
46.93166667,0.061339472
46.965,0.065920895
46.99833333,0.067356249
47.03166667,0.066987629
47.065,0.0645376
47.09833333,0.059544869
47.13166667,0.052451231
47.165,0.043594653
47.19833333,0.034291442
47.23166667,0.025813413
47.265,0.018036383
47.29833333,0.014155547
47.33166667,0.00917058
47.365,0.007777112
47.39833333,0.009888015
47.43166667,0.013455929
47.465,0.01984208
47.49833333,0.028626822
47.53166667,0.037618536
47.565,0.047149524
47.59833333,0.055994495
47.63166667,0.062365139
47.665,0.065931987
47.69833333,0.067328758
47.73166667,0.06664337
47.765,0.064161018
47.79833333,0.05918646
47.83166667,0.051732126
47.865,0.042859044
47.89833333,0.033230933
47.93166667,0.02373853
47.965,0.017003022
47.99833333,0.011672822
48.03166667,0.010236713
48.065,0.010243553
48.09833333,0.010225084
48.13166667,0.014502448
48.165,0.021147717
48.19833333,0.030086572
48.23166667,0.039018896
48.265,0.048526229
48.29833333,0.057365519
48.33166667,0.063068196
48.365,0.066284056
48.39833333,0.067687354
48.43166667,0.066301926
48.465,0.06380481
48.49833333,0.058444015
48.53166667,0.050659572
48.565,0.04140876
48.59833333,0.03155361
48.63166667,0.022934263
48.665,0.016268027
48.69833333,0.01095298
48.73166667,0.007062351
48.765,0.007043452
48.79833333,0.01056795
48.83166667,0.014876947
48.865,0.021840164
48.89833333,0.03084134
48.93166667,0.040224324
48.965,0.04962105
48.99833333,0.058097973
49.03166667,0.06344071
49.065,0.06664003
49.09833333,0.067347676
49.13166667,0.066617426
49.165,0.06309591
49.19833333,0.057402061
49.23166667,0.049599854
49.265,0.040030712
49.29833333,0.030836701
49.33166667,0.022327924
49.365,0.013451771
49.39833333,0.009211125
49.43166667,0.008124533
49.465,0.008136108
49.49833333,0.012015367
49.53166667,0.016644289
49.565,0.023401766
49.59833333,0.032179178
49.63166667,0.041717148
49.665,0.051039141
49.69833333,0.058844734
49.73166667,0.06380597
49.765,0.066636773
49.79833333,0.067327604
49.83166667,0.06595189
49.865,0.06272631
49.89833333,0.056335723
49.93166667,0.048571256
49.965,0.048571256
49.99833333,0.030487997
50.03166667,0.021971963
50.065,0.016287033
50.09833333,0.012071123
50.13166667,0.01098417
50.165,0.011338723
50.19833333,0.013817809
50.23166667,0.019246963
50.265,0.025773345
50.29833333,0.035309286
50.33166667,0.044668111
50.365,0.053879514
50.39833333,0.06558555
50.43166667,0.071599572
50.465,0.074804395
50.49833333,0.072323144
50.53166667,0.068428223
50.565,0.068400868
50.59833333,0.060981411
50.63166667,0.049606989
50.665,0.039801885
50.69833333,0.029854356
50.73166667,0.022033413
50.765,0.015241132
50.79833333,0.012408319
50.83166667,0.009215944
50.865,0.012050056
50.89833333,0.014886466
50.93166667,0.020203957
50.965,0.027181381
50.99833333,0.036789378
51.03166667,0.04610159
51.065,0.055303929
51.09833333,0.061697537
51.13166667,0.071963372
51.165,0.074810665
51.19833333,0.074813971
51.23166667,0.068421603
51.265,0.067001452
51.29833333,0.057087056
51.33166667,0.047886953
51.365,0.038589674
51.39833333,0.028527333
51.43166667,0.020550249
51.465,0.015246082
51.49833333,0.012753749
51.53166667,0.009215003
51.565,0.011701179
51.59833333,0.014884386
51.63166667,0.021626437
51.665,0.029050474
51.69833333,0.037965936
51.73166667,0.047495388
51.765,0.056011205
51.79833333,0.063808372
51.83166667,0.068421025
51.865,0.069849893
51.89833333,0.069847741
51.93166667,0.067701208
51.965,0.062405416
51.99833333,0.057785566
52.03166667,0.048180782
52.065,0.036838535
52.09833333,0.028327553
52.13166667,0.020224226
52.165,0.014155898
52.19833333,0.012757139
52.23166667,0.01062944
52.265,0.012765032
52.29833333,0.016309414
52.33166667,0.021002876
52.365,0.02968516
52.39833333,0.039307987
52.43166667,0.048930091
52.465,0.057439635
52.49833333,0.064170565
52.53166667,0.068785766
52.565,0.069840015
52.59833333,0.069492585
52.63166667,0.067344484
52.665,0.061005001
52.69833333,0.054245431
52.73166667,0.0453957
52.765,0.036184356
52.79833333,0.027262327
52.83166667,0.019840754
52.865,0.013823628
52.89833333,0.011339861
52.93166667,0.009229368
52.965,0.013832995
52.99833333,0.01667295
53.03166667,0.022341494
53.065,0.031281306
53.09833333,0.04042281
53.13166667,0.049640902
53.165,0.058146407
53.19833333,0.064538735
53.23166667,0.068072418
53.265,0.069484066
53.29833333,0.068792273
53.33166667,0.066292464
53.365,0.059930328
53.39833333,0.053186114
53.43166667,0.044322661
53.465,0.035074018
53.49833333,0.025321314
53.53166667,0.019493222
53.565,0.013074731
53.59833333,0.010634415
53.63166667,0.010280389
53.665,0.013475019
53.69833333,0.018439992
53.73166667,0.023373747
53.765,0.032333887
53.79833333,0.041870618
53.83166667,0.053160722
53.865,0.058850736
53.89833333,0.064877915
53.93166667,0.069130931
53.965,0.070195783
53.99833333,0.069150316
54.03166667,0.065948666
54.065,0.060610031
54.09833333,0.052815056
54.13166667,0.043237414
54.165,0.033942852
54.19833333,0.02441245
54.23166667,0.017378548
54.265,0.013117524
54.29833333,0.00921933
54.33166667,0.009911975
54.365,0.014169407
54.39833333,0.017731465
54.43166667,0.024951138
54.465,0.033391256
54.49833333,0.043257594
54.53166667,0.052469746
54.565,0.06062167
54.59833333,0.066644186
54.63166667,0.069136181
54.665,0.069840982
54.69833333,0.068431193
54.73166667,0.064526192
54.765,0.062724287
54.79833333,0.053171114
54.865,0.032598795
54.89833333,0.024820997
54.93166667,0.017365374
54.965,0.013120774
54.99833333,0.009931431
55.03166667,0.012052714
55.065,0.014172139
55.09833333,0.018433137
55.13166667,0.025875741
55.165,0.034760647
55.19833333,0.044661308
55.23166667,0.053209294
55.265,0.061690662
55.29833333,0.066649518
55.33166667,0.074443911
55.365,0.073747173
55.39833333,0.072324764
55.43166667,0.068079279
55.465,0.057460881
55.49833333,0.050316531
55.53166667,0.040731701
55.565,0.031198554
55.59833333,0.022725463
55.63166667,0.016311915
55.665,0.012751427
55.69833333,0.009917047
55.73166667,0.010276235
55.765,0.01312293
55.79833333,0.01914686
55.83166667,0.027642323
55.865,0.035823765
55.89833333,0.046421495
55.93166667,0.057423405
55.965,0.065947288
55.99833333,0.071263607
56.03166667,0.073726447
56.065,0.073398202
56.09833333,0.071622527
56.13166667,0.067005351
56.165,0.060271254
56.19833333,0.050420309
56.23166667,0.039403497
56.265,0.030004905
56.29833333,0.022016184
56.33166667,0.017011258
56.365,0.013102441
56.39833333,0.00956044
56.43166667,0.012756322
56.465,0.015246743
56.49833333,0.021274354
56.53166667,0.028348683
56.565,0.037231685
56.59833333,0.046810131
56.63166667,0.055314305
56.665,0.062407273
56.69833333,0.067361956
56.73166667,0.074802738
56.765,0.074802665
56.79833333,0.071961705
56.83166667,0.063811776
56.865,0.059223515
56.89833333,0.047843549
56.93166667,0.037968007
56.965,0.028225715
56.99833333,0.021243018
57.03166667,0.014185851
57.065,0.010986562
57.09833333,0.009917869
57.13166667,0.010993398
57.165,0.015587201
57.19833333,0.0209467
57.23166667,0.029480626
57.265,0.038605157
57.29833333,0.048216621
57.33166667,0.056724799
57.365,0.06239314
57.39833333,0.0666516
57.43166667,0.069146692
57.465,0.068786094
57.49833333,0.071272166
57.53166667,0.065948043
57.565,0.05705539
57.59833333,0.046096392
57.63166667,0.036874031
57.665,0.027740104
57.69833333,0.019843487
57.73166667,0.015237506
57.765,0.011343788
57.79833333,0.012397817
57.83166667,0.010979285
57.865,0.016304912
57.89833333,0.022691006
57.93166667,0.030892719
57.965,0.039943962
57.99833333,0.049263653
58.03166667,0.058493526
58.065,0.068426832
58.09833333,0.072325686
58.13166667,0.074807562
58.165,0.073035741
58.19833333,0.066298605
58.23166667,0.060976996
58.265,0.053548507
58.29833333,0.045012492
58.33166667,0.035639096
58.365,0.026741006
58.39833333,0.019153501
58.43166667,0.013468702
58.465,0.010986686
58.49833333,0.010984142
58.53166667,0.012751239
58.565,0.017016708
58.59833333,0.022713132
58.63166667,0.031938251
58.665,0.04105782
58.69833333,0.050697063
58.73166667,0.05848472
58.765,0.068781302
58.79833333,0.069846898
58.83166667,0.07338244
58.865,0.070187715
58.89833333,0.063819691
58.93166667,0.063812232
58.965,0.054593534
58.99833333,0.043533745
59.03166667,0.033631991
59.065,0.024855775
59.09833333,0.017372774
59.13166667,0.012765062
59.165,0.010982525
59.19833333,0.009209126
59.23166667,0.012766263
59.265,0.017018591
59.29833333,0.023072611
59.33166667,0.032622397
59.365,0.041842642
59.39833333,0.05320595
59.43166667,0.062045792
59.465,0.068784972
59.49833333,0.06948586
59.53166667,0.070904128
59.565,0.069477447
59.59833333,0.068771202
59.63166667,0.062045633
59.665,0.051059555
59.69833333,0.042140108
59.73166667,0.032258429
59.765,0.024077529
59.79833333,0.017014723
59.83166667,0.012051523
59.865,0.009914789
59.89833333,0.009930276
59.93166667,0.012405
59.965,0.017017854
59.99833333,0.024112533
60.03166667,0.033678662
60.065,0.043197194
60.09833333,0.052110115
60.13166667,0.059562347
60.165,0.065935384
60.19833333,0.072316539
60.23166667,0.074441896
60.265,0.072321629
60.29833333,0.064523069
60.33166667,0.057794428
60.365,0.049621354
60.39833333,0.040346964
60.43166667,0.030713428
60.465,0.022003169
60.49833333,0.014534516
60.53166667,0.011695676
60.565,0.010275021
60.59833333,0.01099178
60.63166667,0.013808061
60.665,0.017737489
60.69833333,0.025887393
60.73166667,0.035077445
60.765,0.044003301
60.79833333,0.053188775
60.83166667,0.064530625
60.865,0.070898396
60.89833333,0.073743612
60.93166667,0.073752869
60.965,0.071618434
60.99833333,0.067015967
61.03166667,0.057072557
61.065,0.048575142
61.09833333,0.039039895
61.13166667,0.029772642
61.165,0.021637464
61.19833333,0.015243858
61.23166667,0.013817725
61.265,0.008151673
61.29833333,0.012055011
61.33166667,0.013816977
61.365,0.01634691
61.39833333,0.027338894
61.465,0.045764279
61.49833333,0.057447897
61.53166667,0.065591788
61.565,0.070907989
61.59833333,0.074425306
61.63166667,0.074416951
61.665,0.07162043
61.69833333,0.065585643
61.73166667,0.058856549
61.765,0.047887134
61.79833333,0.037555627
61.83166667,0.028740827
61.865,0.020566945
61.89833333,0.01488591
61.93166667,0.011343062
61.965,0.011342539
61.99833333,0.012048888
62.03166667,0.014875915
62.065,0.020573765
62.09833333,0.028688407
62.13166667,0.037619677
62.165,0.046841747
62.19833333,0.056701899
62.23166667,0.063105562
62.265,0.068064627
62.29833333,0.069493691
62.33166667,0.069480278
62.365,0.067373677
62.39833333,0.065591154
62.43166667,0.05529504
62.465,0.049253001
62.49833333,0.036553919
62.53166667,0.027668287
62.565,0.020192468
62.59833333,0.014510345
62.63166667,0.011676515
62.665,0.008852859
62.69833333,0.009926716
62.73166667,0.014886841
62.765,0.021578687
62.79833333,0.029830922
62.83166667,0.038931123
62.865,0.048215532
62.89833333,0.057081063
62.93166667,0.064169179
62.965,0.069841601
62.99833333,0.071616593
63.03166667,0.069131714
63.065,0.068770048
63.09833333,0.059924249
63.13166667,0.056399811
63.165,0.046006271
63.19833333,0.035122121
63.23166667,0.026238094
65.93166667,0.051023954
65.965,0.051023954
66.03166667,0.022664431
66.065,0.016633695
66.09833333,0.012013214
66.13166667,0.009534485
66.165,0.011667445
66.19833333,0.014858879
66.23166667,0.020158817
66.265,0.027151678
66.29833333,0.036060623
66.33166667,0.045714742
66.365,0.054916486
66.39833333,0.065553903
66.43166667,0.07123281
66.465,0.074773433
66.49833333,0.074777273
66.53166667,0.072633506
66.565,0.067677177
66.59833333,0.058109145
66.63166667,0.049263264
66.665,0.039548073
66.69833333,0.029773216
66.73166667,0.022992867
66.765,0.016574808
66.79833333,0.012010227
66.83166667,0.012730057
66.865,0.01167774
66.89833333,0.014105864
66.93166667,0.02053706
66.965,0.028359715
66.99833333,0.037246739
67.03166667,0.046763469
67.065,0.058172509
67.09833333,0.063422095
67.13166667,0.072288448
67.165,0.069107466
67.19833333,0.069103569
67.23166667,0.06852825
67.265,0.063756618
67.29833333,0.05670377
67.33166667,0.047854652
67.365,0.038572589
67.39833333,0.029099968
67.43166667,0.020160072
67.465,0.014760456
67.49833333,0.01131869
67.53166667,0.012736866
67.565,0.010935865
67.59833333,0.014811959
67.63166667,0.020504973
67.665,0.029368064
67.69833333,0.03879659
67.73166667,0.048125319
67.765,0.059906814
67.79833333,0.067686576
67.83166667,0.072298864
67.865,0.074424721
67.89833333,0.074078211
67.93166667,0.071223236
67.965,0.063080619
67.99833333,0.055638044
68.03166667,0.04701138
68.065,0.037401436
68.09833333,0.028376664
68.13166667,0.019812535
68.165,0.015206207
68.19833333,0.012027185
68.23166667,0.011664005
68.265,0.011663401
68.29833333,0.0169888
68.33166667,0.022268983
68.365,0.03076401
68.39833333,0.039702292
68.43166667,0.049576332
68.465,0.058111761
68.49833333,0.063434762
68.53166667,0.073010951
68.565,0.074435335
68.59833333,0.074060581
68.63166667,0.070868902
68.665,0.065196602
68.69833333,0.055265576
68.73166667,0.045630015
68.765,0.035796218
68.79833333,0.027180298
68.83166667,0.018040796
68.865,0.012350967
68.89833333,0.011661031
68.93166667,0.011317939
68.965,0.012742626
68.99833333,0.016633565
69.03166667,0.022608732
69.065,0.031585566
69.09833333,0.040976676
69.13166667,0.050687687
69.165,0.059189103
69.19833333,0.065555478
69.23166667,0.06875272
69.265,0.069455562
69.29833333,0.069075415
69.33166667,0.070863701
69.365,0.06129651
69.39833333,0.055335806
69.43166667,0.044617737
69.465,0.035051092
69.49833333,0.025799811
69.53166667,0.019095272
69.565,0.013087602
69.59833333,0.012737647
69.63166667,0.012738693
69.665,0.013086967
69.69833333,0.018044506
69.73166667,0.024075143
69.765,0.032948121
69.79833333,0.042214556
69.83166667,0.051388793
69.865,0.059889669
69.89833333,0.066252844
69.93166667,0.068754171
69.965,0.069456985
69.99833333,0.068733128
70.03166667,0.065575827
70.065,0.05986394
70.09833333,0.052099128
70.13166667,0.04352387
70.165,0.033520317
70.19833333,0.024812973
70.23166667,0.01768195
70.265,0.013036103
70.29833333,0.010602706
70.33166667,0.010605568
70.365,0.013052848
70.39833333,0.017984555
70.43166667,0.025806569
70.465,0.03427677
70.49833333,0.043518876
70.53166667,0.05281328
70.565,0.060942856
70.59833333,0.066624632
70.63166667,0.068752341
70.665,0.06947711
70.69833333,0.068060265
70.73166667,0.065542411
70.765,0.059849469
70.79833333,0.051357622
70.83166667,0.041799343
70.865,0.032601661
70.89833333,0.024003127
70.93166667,0.017304801
70.965,0.012727777
70.99833333,0.010957907
71.03166667,0.011308568
71.065,0.013728429
71.09833333,0.019474903
71.13166667,0.026533995
71.165,0.035405242
71.19833333,0.044975964
71.23166667,0.054204452
71.265,0.061662206
71.29833333,0.066982307
71.33166667,0.069466123
71.365,0.069814783
71.39833333,0.068384285
71.43166667,0.064486926
71.465,0.058119927
71.49833333,0.050322959
71.53166667,0.040528686
71.565,0.031449304
71.59833333,0.02265009
71.63166667,0.016279891
71.665,0.012014962
71.69833333,0.010603934
71.73166667,0.011314277
71.765,0.014491317
71.79833333,0.020167086
71.83166667,0.028294877
71.865,0.036888505
71.89833333,0.046121013
71.93166667,0.055636244
71.965,0.062722015
71.99833333,0.066988814
72.03166667,0.069106
72.065,0.069112732
72.09833333,0.067710989
72.13166667,0.063458049
72.165,0.057709059
72.19833333,0.048868302
72.23166667,0.039291386
72.265,0.030137258
72.29833333,0.022289054
72.33166667,0.01556341
72.365,0.01309111
72.39833333,0.012016942
72.43166667,0.012375802
72.465,0.015226237
72.49833333,0.020452089
72.53166667,0.029380849
72.565,0.038278776
72.59833333,0.047509338
72.63166667,0.057020053
72.665,0.063772215
72.69833333,0.068041232
72.73166667,0.069465993
72.765,0.069451781
72.79833333,0.071583709
72.83166667,0.062379264
72.865,0.056326836
72.89833333,0.047474464
72.93166667,0.037893722
72.965,0.028309933
72.99833333,0.020511907
73.03166667,0.015221934
73.065,0.010949519
73.09833333,0.010251982
73.13166667,0.011654384
73.165,0.015930947
73.19833333,0.021585867
73.23166667,0.030449678
73.265,0.039528588
73.29833333,0.048913279
73.33166667,0.059960948
73.365,0.067683501
73.39833333,0.072299803
73.43166667,0.074412105
73.465,0.07372293
73.49833333,0.070514698
73.53166667,0.065179544
73.565,0.05700314
73.59833333,0.045935298
73.63166667,0.036425479
73.665,0.02685843
73.69833333,0.019117046
73.73166667,0.01450808
73.765,0.010593025
73.79833333,0.01025045
73.83166667,0.013436619
73.865,0.017679964
73.89833333,0.023305865
73.93166667,0.031867911
73.965,0.040998762
73.99833333,0.050318206
74.03166667,0.058820435
74.065,0.064494815
74.09833333,0.068049276
74.13166667,0.069090345
74.165,0.068733144
74.19833333,0.06624038
74.23166667,0.060595939
74.265,0.053163256
74.29833333,0.044313129
74.33166667,0.034998566
74.365,0.026546019
74.39833333,0.018758187
74.43166667,0.0141383
74.465,0.01166064
74.49833333,0.011646627
74.53166667,0.013405718
74.565,0.017696566
74.59833333,0.024156265
74.63166667,0.033329685
74.665,0.042518639
74.69833333,0.05208097
74.73166667,0.058842933
74.765,0.064509351
74.79833333,0.068037295
74.83166667,0.069105407
74.865,0.068037692
74.89833333,0.065204245
74.93166667,0.059862273
74.965,0.05240246
74.99833333,0.042787839
75.03166667,0.03368143
75.065,0.024789084
75.09833333,0.018402697
75.13166667,0.013795367
75.165,0.012005221
75.19833333,0.012020228
75.23166667,0.013812564
75.265,0.017706949
75.29833333,0.025843338
75.33166667,0.034594306
75.365,0.043940516
75.39833333,0.053138862
75.43166667,0.060591626
75.465,0.06626115
75.49833333,0.068749577
75.53166667,0.069439568
75.565,0.068041077
75.59833333,0.064851962
75.63166667,0.059182222
75.665,0.051001876
75.69833333,0.04147133
75.73166667,0.032503837
75.765,0.023680393
75.79833333,0.017344224
75.83166667,0.014152666
75.865,0.009903254
75.89833333,0.010265257
75.93166667,0.014858635
75.965,0.019824552
75.99833333,0.02700018
76.03166667,0.036075667
76.065,0.045032707
76.09833333,0.054215244
76.13166667,0.061997474
76.165,0.066278095
76.19833333,0.074061382
76.23166667,0.074061842
76.265,0.071935543
76.29833333,0.069262561
76.33166667,0.060541393
76.365,0.049837351
76.39833333,0.040063783
76.43166667,0.030854297
76.465,0.023320871
76.49833333,0.017344421
76.53166667,0.01273971
76.565,0.011661475
76.59833333,0.012030168
76.63166667,0.015564315
76.665,0.020503681
76.69833333,0.028290623
76.73166667,0.03713849
76.765,0.046753104
76.79833333,0.055626282
76.83166667,0.062730221
76.865,0.066988589
76.89833333,0.069466853
76.93166667,0.069458915
76.965,0.067680169
76.99833333,0.063775799
77.03166667,0.057018852
77.065,0.048207608
77.09833333,0.038955232
77.13166667,0.029799723
77.165,0.021937571
77.19833333,0.014867277
77.23166667,0.011673181
77.265,0.010609858
77.29833333,0.011668921
77.33166667,0.015879741
77.365,0.021238749
77.39833333,0.029296884
77.43166667,0.038457991
77.465,0.048170597
77.49833333,0.057040015
77.53166667,0.063786263
77.565,0.067688183
77.59833333,0.069463546
77.63166667,0.069431816
77.665,0.066658231
77.69833333,0.062722435
77.73166667,0.055297272
77.765,0.047035164
77.79833333,0.037483424
77.83166667,0.028279817
77.865,0.02118582
77.89833333,0.015180547
77.93166667,0.012368145
77.965,0.011310354
77.99833333,0.012717367
78.03166667,0.016626515
78.065,0.022632575
78.09833333,0.030923403
78.13166667,0.039936838
78.165,0.049267255
78.19833333,0.06059646
78.23166667,0.068387641
78.265,0.073004746
78.29833333,0.074411872
78.33166667,0.073709865
78.365,0.070878868
78.39833333,0.064502023
78.43166667,0.055275914
78.465,0.04541843
78.49833333,0.036078235
78.53166667,0.026915634
78.565,0.020543177
78.59833333,0.014834741
78.63166667,0.010962484
78.665,0.012013509
78.69833333,0.012370698
78.73166667,0.017310695
78.765,0.024088921
78.79833333,0.031930737
78.83166667,0.0413702
78.865,0.050678012
78.89833333,0.059174388
78.93166667,0.068398629
78.965,0.072669017
78.99833333,0.074066454
79.03166667,0.073016093
79.065,0.069826901
79.09833333,0.063441603
79.13166667,0.053476762
79.165,0.043956997
79.19833333,0.034718231
79.23166667,0.025622967
79.265,0.018765761
79.29833333,0.013795449
79.33166667,0.011316973
79.365,0.011674672
79.39833333,0.013797308
79.43166667,0.017654407
79.465,0.024456497
79.49833333,0.033327451
79.53166667,0.042533557
79.565,0.052414873
79.59833333,0.059882386
79.63166667,0.065563688
79.665,0.068763112
79.69833333,0.069778512
79.73166667,0.06875988
79.765,0.065202157
79.79833333,0.059897348
79.83166667,0.052361069
79.865,0.042740579
79.89833333,0.033354659
79.93166667,0.02482433
79.965,0.01768198
79.99833333,0.01343472
80.03166667,0.010252494
80.065,0.00990163
80.09833333,0.013411774
80.13166667,0.018414668
80.165,0.025850644
80.19833333,0.034445344
80.23166667,0.043955789
80.265,0.053857601
80.29833333,0.060952558
80.33166667,0.067681087
80.365,0.06875547
80.39833333,0.069449171
80.43166667,0.068401366
80.465,0.068379569
80.49833333,0.061291449
80.53166667,0.051352359
80.565,0.041082815
80.59833333,0.032251663
80.63166667,0.022969882
80.665,0.0169905
80.69833333,0.013085929
80.73166667,0.010251038
80.765,0.009898392
80.79833333,0.01414582
80.83166667,0.019830595
80.865,0.027269593
80.89833333,0.036131648
80.93166667,0.045349255
80.965,0.057071367
80.99833333,0.065213058
81.03166667,0.07122417
81.065,0.074069303
81.09833333,0.074405585
81.13166667,0.072633523
81.165,0.067697505
81.19833333,0.060274347
81.23166667,0.049250791
81.265,0.040091415
81.29833333,0.030828165
81.33166667,0.022255528
81.365,0.016284026
81.39833333,0.013074705
81.43166667,0.012016546
81.465,0.012377931
81.49833333,0.014861721
81.53166667,0.020875449
81.565,0.028235305
81.59833333,0.037316703
81.63166667,0.047106066
81.665,0.055982671
81.69833333,0.063415675
81.73166667,0.067690231
81.765,0.069451792
81.79833333,0.06944874
81.83166667,0.067679936
81.865,0.066958644
81.89833333,0.057051607
81.93166667,0.050198792
81.965,0.050198792
81.99833333,0.028276433
82.03166667,0.020817022
82.09833333,0.009476939
82.13166667,0.008069991
82.165,0.009868788
82.19833333,0.016223046
82.23166667,0.021259626
82.265,0.028965954
82.29833333,0.037861793
82.33166667,0.047424191
82.365,0.055582661
82.39833333,0.06126275
82.43166667,0.065526183
82.465,0.067625629
82.49833333,0.067605422
82.53166667,0.065510139
82.565,0.060527292
82.59833333,0.054185349
82.63166667,0.046018463
82.665,0.036797807
82.69833333,0.02827859
82.73166667,0.021183445
82.765,0.014800651
82.79833333,0.010193764
82.83166667,0.009491063
82.865,0.014098565
82.89833333,0.016572944
82.93166667,0.022674367
82.965,0.030763746
82.99833333,0.039961139
83.03166667,0.049544256
83.065,0.057346588
83.09833333,0.063734501
83.13166667,0.067994983
83.165,0.071512362
83.19833333,0.070810632
83.23166667,0.071166336
83.265,0.065148936
83.29833333,0.054515657
83.33166667,0.044965969
83.365,0.036040718
83.39833333,0.026849249
83.43166667,0.019767481
83.465,0.015866967
83.49833333,0.009854525
83.53166667,0.009473379
83.565,0.013378435
83.59833333,0.017285142
83.63166667,0.022680473
83.665,0.031947635
83.69833333,0.041370274
83.73166667,0.052726927
83.765,0.058771028
83.79833333,0.069049065
83.83166667,0.071532377
83.865,0.074711624
83.89833333,0.07331085
83.93166667,0.070109032
83.965,0.064427336
83.99833333,0.055545835
84.03166667,0.044188625
84.065,0.03429796
84.09833333,0.025525024
84.13166667,0.01834925
84.165,0.014808153
84.19833333,0.010888612
84.23166667,0.010550677
84.265,0.013730383
84.29833333,0.018338441
84.33166667,0.024828281
84.365,0.033535824
84.39833333,0.042457805
84.43166667,0.052039262
84.465,0.060193494
84.49833333,0.065529389
84.53166667,0.068041157
84.565,0.068693291
84.59833333,0.067613186
84.63166667,0.065509475
84.665,0.059852246
84.69833333,0.051682987
84.73166667,0.042464779
84.765,0.033299328
84.79833333,0.024433096
84.83166667,0.018341137
84.865,0.01445136
84.89833333,0.010553495
84.93166667,0.01019408
84.965,0.014452301
84.99833333,0.01905382
85.03166667,0.025815121
85.065,0.034622524
85.09833333,0.044240495
85.13166667,0.052749525
85.165,0.061254026
85.19833333,0.066212683
85.23166667,0.068330926
85.265,0.074726036
85.29833333,0.070100305
85.33166667,0.068700778
85.39833333,0.051246987
85.43166667,0.0413612
85.465,0.032175235
85.49833333,0.023029678
85.53166667,0.017283711
85.565,0.013026163
85.59833333,0.011611069
85.63166667,0.010173067
85.665,0.014452371
85.69833333,0.0201148
85.73166667,0.02684896
85.765,0.036016198
85.79833333,0.044951037
85.83166667,0.056995419
85.865,0.061970933
85.89833333,0.071180772
85.93166667,0.071161616
85.965,0.071506157
85.99833333,0.072603484
86.03166667,0.064457439
86.065,0.060903141
86.09833333,0.051655829
86.13166667,0.041344672
86.165,0.030345094
86.19833333,0.02186598
86.23166667,0.017948068
86.265,0.015488026
86.29833333,0.012659589
86.33166667,0.013353052
86.365,0.016197672
86.39833333,0.021174945
86.43166667,0.028945592
86.465,0.037741935
86.49833333,0.048028126
86.53166667,0.057341699
86.565,0.064051436
86.59833333,0.0661964
86.63166667,0.068678385
86.665,0.068683392
86.69833333,0.066905915
86.73166667,0.063347541
86.765,0.058408066
86.79833333,0.04882879
86.83166667,0.039219009
86.865,0.029703808
86.89833333,0.022211572
86.93166667,0.016525792
86.965,0.013730706
86.99833333,0.010877985
87.03166667,0.013353042
87.065,0.016209885
87.09833333,0.021888451
87.13166667,0.029595049
87.165,0.03851656
87.19833333,0.048838897
87.23166667,0.05834931
87.265,0.065463177
87.29833333,0.067962106
87.33166667,0.069729824
87.365,0.069374452
87.39833333,0.066905556
87.43166667,0.062641785
87.465,0.057278422
87.49833333,0.047740922
87.53166667,0.037774244
87.565,0.028183948
87.59833333,0.021156311
87.63166667,0.015817556
87.665,0.012251222
87.69833333,0.011934895
87.73166667,0.013724234
87.765,0.017244696
87.79833333,0.022911124
87.83166667,0.030775024
87.865,0.039950933
87.89833333,0.050211263
87.93166667,0.059122337
87.965,0.066189679
87.99833333,0.068321801
88.03166667,0.069379399
88.065,0.069031852
88.09833333,0.066551828
88.13166667,0.062299152
88.165,0.056231295
88.19833333,0.045995454
88.23166667,0.036057843
88.265,0.027182281
88.29833333,0.020079914
88.33166667,0.015087721
88.365,0.014063015
88.39833333,0.013703201
88.43166667,0.013708699
88.465,0.017509291
88.49833333,0.023655605
88.53166667,0.031784876
88.565,0.041363632
88.59833333,0.0513178
88.63166667,0.060852668
88.665,0.06689392
88.69833333,0.068318939
88.73166667,0.069394958
88.765,0.068676549
88.79833333,0.066198804
88.83166667,0.060165195
88.865,0.054830306
88.89833333,0.044834729
88.93166667,0.035254913
88.965,0.026420606
88.99833333,0.019697925
89.03166667,0.014787331
89.065,0.011935391
89.09833333,0.011944802
89.13166667,0.014069468
89.165,0.018716616
89.19833333,0.024692528
89.23166667,0.033932894
89.265,0.042768126
89.29833333,0.053045012
89.33166667,0.061590464
89.365,0.066549074
89.39833333,0.068679996
89.43166667,0.070088096
89.465,0.068675056
89.49833333,0.065480301
89.53166667,0.061579454
89.565,0.053401803
89.59833333,0.043439439
89.63166667,0.033954638
89.665,0.025065499
89.69833333,0.019011799
89.73166667,0.014426318
89.765,0.012310377
89.79833333,0.012662987
89.83166667,0.014797616
89.865,0.01960278
89.89833333,0.026044075
89.93166667,0.034961644
89.965,0.0441834
89.99833333,0.054519844
90.03166667,0.06192996
90.065,0.06795789
90.09833333,0.06938676
90.13166667,0.069742001
90.165,0.0676027
90.19833333,0.065838967
90.23166667,0.060500943
90.265,0.051653036
90.29833333,0.042045328
90.33166667,0.032543368
90.365,0.024268596
90.39833333,0.017968598
90.43166667,0.014082335
90.465,0.012304137
90.49833333,0.012977223
90.53166667,0.016144827
90.565,0.020408656
90.59833333,0.026792369
90.63166667,0.036046574
90.665,0.045628993
90.69833333,0.055219667
90.73166667,0.063349843
90.765,0.068318315
90.79833333,0.069383468
90.83166667,0.069389717
90.865,0.067969406
90.89833333,0.065498057
90.93166667,0.059061667
90.965,0.050599277
90.99833333,0.042677234
91.03166667,0.031387103
91.065,0.022959631
91.09833333,0.016914397
91.13166667,0.013718666
91.165,0.011589863
91.19833333,0.013355316
91.23166667,0.016199945
91.265,0.021080771
91.29833333,0.027960701
91.33166667,0.037057794
91.365,0.047363652
91.39833333,0.056990325
91.43166667,0.06476232
91.465,0.067262794
91.49833333,0.069384712
91.53166667,0.069382738
91.565,0.067261119
91.59833333,0.065131804
91.63166667,0.058742912
91.665,0.049513667
91.69833333,0.039307469
91.73166667,0.03003786
91.765,0.022571551
91.79833333,0.016511273
91.83166667,0.012649048
91.865,0.010536477
91.89833333,0.014438464
91.93166667,0.016191799
91.965,0.021554466
91.99833333,0.029244823
92.03166667,0.038239282
92.065,0.048769391
92.09833333,0.058394425
92.13166667,0.065487238
92.165,0.071864768
92.19833333,0.070089969
92.23166667,0.069735939
92.265,0.068311649
92.29833333,0.064425371
92.33166667,0.057693786
92.365,0.048130648
92.39833333,0.038134957
92.43166667,0.029268442
92.465,0.021446818
92.49833333,0.01621135
92.53166667,0.013001794
92.565,0.011594454
92.59833333,0.013284768
92.63166667,0.017230096
92.665,0.022512077
92.69833333,0.030397606
92.73166667,0.03983583
92.765,0.049907627
92.79833333,0.059135194
92.83166667,0.066167576
92.865,0.068319436
92.89833333,0.069738843
92.93166667,0.0693851
92.965,0.066897137
92.99833333,0.064784378
93.03166667,0.056622557
93.065,0.04670289
93.09833333,0.036749465
93.13166667,0.027853865
93.165,0.020465545
93.19833333,0.015132915
93.23166667,0.012634949
93.265,0.011942602
93.29833333,0.014081113
93.33166667,0.016925225
93.365,0.023253928
93.39833333,0.03147774
93.43166667,0.040912952
93.465,0.051296157
93.49833333,0.060118769
93.53166667,0.066549829
93.565,0.074656146
